{
    "videoAnger": 0.005379254322352999, 
    "videoSadness": 0.004287383966585401, 
    "videoFear": 0.0014789670549314668, 
    "videoDisgust": 0.0020129503134681333, 
    "videoNeutral": 0.5484802365468262, 
    "videoHappiness": 0.2582217681429715, 
    "videoContempt": 0.004726540704390666, 
    "videoSurprise": 0.04207956424475367
}